{
    "name": "ovladac - Kopie",
    "description": "",
    "dependencies": {
        "core": "*",
        "radio": "*",
        "microphone": "*",
        "pxt-magicbit-pca9685": "github:tomaskazda/pxt-magicbit-pca9685#1e097c914b2c7ed1f4071d7b6288ef64812030e2",
        "neopixel": "github:microsoft/pxt-neopixel#v0.7.6"
    },
    "files": [
        "main.blocks",
        "main.ts",
        "README.md"
    ],
    "testFiles": [
        "test.ts"
    ],
    "targetVersions": {
        "target": "7.0.61",
        "targetId": "microbit"
    },
    "supportedTargets": [
        "microbit"
    ],
    "preferredEditor": "tsprj"
}
